col_index	lddt	gap_fraction	keep_base	keep_padded
1	0.121743	0.934783	0	0
2	0.120743	0.934783	0	0
3	0.157699	0.913043	0	0
4	-1.000000	0.978261	0	0
5	0.078283	0.956522	0	0
6	0.080717	0.956522	0	0
7	0.081035	0.956522	0	0
8	0.081144	0.956522	0	0
9	0.080950	0.956522	0	0
10	-1.000000	0.978261	0	0
11	-1.000000	0.978261	0	0
12	-1.000000	0.978261	0	0
13	-1.000000	0.978261	0	0
14	-1.000000	0.978261	0	0
15	-1.000000	0.978261	0	0
16	-1.000000	0.978261	0	0
17	-1.000000	0.978261	0	0
18	-1.000000	0.978261	0	0
19	-1.000000	0.978261	0	0
20	-1.000000	0.978261	0	0
21	-1.000000	0.978261	0	0
22	-1.000000	0.978261	0	0
23	-1.000000	0.978261	0	0
24	-1.000000	0.978261	0	0
25	-1.000000	0.978261	0	0
26	-1.000000	0.978261	0	0
27	-1.000000	0.978261	0	0
28	-1.000000	0.978261	0	0
29	0.079468	0.956522	0	0
30	0.081081	0.956522	0	0
31	0.081197	0.956522	0	0
32	0.080310	0.956522	0	0
33	0.081172	0.956522	0	0
34	0.080586	0.956522	0	0
35	0.097815	0.934783	0	0
36	-1.000000	0.978261	0	0
37	0.084258	0.934783	0	0
38	0.085955	0.934783	0	0
39	-1.000000	0.978261	0	0
40	-1.000000	0.978261	0	0
41	-1.000000	0.956522	0	0
42	0.075085	0.956522	0	0
43	-1.000000	0.978261	0	0
44	0.068500	0.956522	0	0
45	-1.000000	0.978261	0	0
46	0.060639	0.956522	0	0
47	-1.000000	0.978261	0	0
48	0.056025	0.956522	0	0
49	-1.000000	0.978261	0	0
50	0.057893	0.956522	0	0
51	0.054433	0.956522	0	0
52	0.056436	0.956522	0	0
53	-1.000000	0.978261	0	0
54	-1.000000	0.978261	0	0
55	-1.000000	0.978261	0	0
56	0.063037	0.956522	0	0
57	0.069756	0.956522	0	0
58	0.067266	0.956522	0	0
59	0.069703	0.956522	0	0
60	0.072378	0.956522	0	0
61	0.073118	0.956522	0	0
62	0.071197	0.956522	0	0
63	0.075049	0.956522	0	0
64	0.075754	0.956522	0	0
65	0.075870	0.956522	0	0
66	0.077531	0.956522	0	0
67	0.077735	0.956522	0	0
68	0.073732	0.956522	0	0
69	0.074955	0.956522	0	0
70	-1.000000	0.978261	0	0
71	-1.000000	0.978261	0	0
72	-1.000000	0.978261	0	0
73	0.075760	0.956522	0	0
74	0.077441	0.956522	0	0
75	0.077682	0.956522	0	0
76	0.078082	0.956522	0	0
77	0.078864	0.956522	0	0
78	0.078893	0.956522	0	0
79	0.076908	0.956522	0	0
80	0.078461	0.956522	0	0
81	0.078728	0.956522	0	0
82	0.077469	0.956522	0	0
83	0.076274	0.956522	0	0
84	0.078034	0.956522	0	0
85	0.077886	0.956522	0	0
86	0.076623	0.956522	0	0
87	0.076770	0.956522	0	0
88	0.078353	0.956522	0	0
89	0.109659	0.934783	0	0
90	0.110956	0.934783	0	0
91	0.114095	0.934783	0	0
92	0.116234	0.934783	0	0
93	0.115653	0.934783	0	0
94	0.112960	0.934783	0	0
95	0.117091	0.934783	0	0
96	0.117495	0.934783	0	0
97	0.116897	0.934783	0	0
98	0.109851	0.934783	0	0
99	0.107105	0.934783	0	0
100	0.107703	0.934783	0	0
101	0.116861	0.913043	0	0
102	0.110573	0.913043	0	0
103	0.110052	0.913043	0	0
104	0.087860	0.934783	0	0
105	0.080132	0.934783	0	0
106	-1.000000	0.978261	0	0
107	-1.000000	0.956522	0	0
108	-1.000000	0.978261	0	0
109	-1.000000	0.978261	0	0
110	-1.000000	0.978261	0	0
111	-1.000000	0.978261	0	0
112	-1.000000	0.978261	0	0
113	-1.000000	0.978261	0	0
114	-1.000000	0.978261	0	0
115	-1.000000	0.978261	0	0
116	-1.000000	0.978261	0	0
117	-1.000000	0.978261	0	0
118	-1.000000	0.978261	0	0
119	-1.000000	0.978261	0	0
120	-1.000000	0.978261	0	0
121	-1.000000	0.978261	0	0
122	-1.000000	0.978261	0	0
123	0.083066	0.934783	0	0
124	0.062128	0.956522	0	0
125	0.074465	0.934783	0	0
126	0.081795	0.934783	0	0
127	0.103167	0.913043	0	0
128	0.098328	0.913043	0	0
129	0.097124	0.913043	0	0
130	0.108132	0.913043	0	0
131	-1.000000	0.978261	0	0
132	-1.000000	0.978261	0	0
133	-1.000000	0.978261	0	0
134	-1.000000	0.978261	0	0
135	-1.000000	0.978261	0	0
136	-1.000000	0.978261	0	0
137	-1.000000	0.978261	0	0
138	-1.000000	0.978261	0	0
139	-1.000000	0.978261	0	0
140	0.114854	0.913043	0	0
141	0.110166	0.913043	0	0
142	0.115881	0.913043	0	0
143	0.115609	0.913043	0	0
144	0.120816	0.913043	0	0
145	0.127219	0.913043	0	0
146	0.125582	0.913043	0	0
147	0.130210	0.913043	0	0
148	0.129068	0.913043	0	0
149	0.124709	0.913043	0	0
150	0.123996	0.913043	0	0
151	0.120703	0.913043	0	0
152	0.125777	0.913043	0	0
153	0.118499	0.913043	0	0
154	0.107974	0.913043	0	0
155	0.097279	0.913043	0	0
156	0.079368	0.934783	0	0
157	0.078526	0.934783	0	0
158	0.063959	0.956522	0	0
159	0.064053	0.956522	0	0
160	0.063702	0.956522	0	0
161	0.063438	0.956522	0	0
162	0.059086	0.956522	0	0
163	0.066694	0.956522	0	0
164	0.064178	0.956522	0	0
165	0.061577	0.956522	0	0
166	0.090140	0.934783	0	0
167	0.098620	0.934783	0	0
168	0.096071	0.934783	0	0
169	0.118150	0.913043	0	0
170	0.119824	0.913043	0	0
171	0.115052	0.913043	0	0
172	0.109594	0.913043	0	0
173	0.116729	0.913043	0	0
174	0.105017	0.934783	0	0
175	0.109356	0.934783	0	0
176	0.104193	0.934783	0	0
177	0.107028	0.934783	0	0
178	0.104332	0.934783	0	0
179	0.103230	0.934783	0	0
180	0.102920	0.934783	0	0
181	0.099928	0.934783	0	0
182	0.095490	0.934783	0	0
183	0.097176	0.934783	0	0
184	0.096277	0.934783	0	0
185	0.105735	0.913043	0	0
186	0.091007	0.934783	0	0
187	0.091292	0.934783	0	0
188	0.092500	0.934783	0	0
189	0.095689	0.934783	0	0
190	0.097107	0.934783	0	0
191	0.114882	0.913043	0	0
192	0.118145	0.913043	0	0
193	0.121142	0.913043	0	0
194	0.118136	0.913043	0	0
195	0.120518	0.913043	0	0
196	0.120354	0.913043	0	0
197	0.117827	0.913043	0	0
198	0.113169	0.913043	0	0
199	0.112932	0.913043	0	0
200	0.107672	0.913043	0	0
201	0.103031	0.913043	0	0
202	0.112922	0.913043	0	0
203	0.118704	0.913043	0	0
204	0.119206	0.913043	0	0
205	0.095251	0.934783	0	0
206	0.118424	0.913043	0	0
207	0.114705	0.913043	0	0
208	0.110655	0.913043	0	0
209	0.115319	0.913043	0	0
210	0.111396	0.913043	0	0
211	0.111641	0.913043	0	0
212	0.113997	0.913043	0	0
213	0.114356	0.913043	0	0
214	0.116625	0.913043	0	0
215	0.121062	0.913043	0	0
216	0.116415	0.913043	0	0
217	0.118295	0.913043	0	0
218	0.123821	0.913043	0	0
219	0.120818	0.913043	0	0
220	0.094319	0.934783	0	0
221	0.090608	0.934783	0	0
222	0.075198	0.956522	0	0
223	0.076572	0.956522	0	0
224	0.075006	0.956522	0	0
225	0.074595	0.956522	0	0
226	0.069483	0.956522	0	0
227	-1.000000	0.978261	0	0
228	-1.000000	0.978261	0	0
229	-1.000000	0.978261	0	0
230	0.070882	0.956522	0	0
231	0.071454	0.956522	0	0
232	0.072027	0.956522	0	0
233	0.113011	0.913043	0	0
234	0.115934	0.913043	0	0
235	0.114781	0.913043	0	0
236	0.122026	0.913043	0	0
237	0.121426	0.913043	0	0
238	0.119764	0.913043	0	0
239	0.119886	0.913043	0	0
240	0.118430	0.913043	0	0
241	0.117238	0.913043	0	0
242	0.110533	0.913043	0	0
243	0.072390	0.956522	0	0
244	0.071831	0.956522	0	0
245	0.073948	0.956522	0	0
246	0.069175	0.956522	0	0
247	0.069113	0.956522	0	0
248	0.071572	0.956522	0	0
249	0.070954	0.956522	0	0
250	0.071365	0.956522	0	0
251	0.071371	0.956522	0	0
252	0.068185	0.956522	0	0
253	0.067997	0.956522	0	0
254	-1.000000	0.978261	0	0
255	-1.000000	0.978261	0	0
256	-1.000000	0.978261	0	0
257	-1.000000	0.978261	0	0
258	-1.000000	0.978261	0	0
259	-1.000000	0.978261	0	0
260	-1.000000	0.978261	0	0
261	-1.000000	0.978261	0	0
262	-1.000000	0.978261	0	0
263	-1.000000	0.978261	0	0
264	0.061947	0.956522	0	0
265	0.120954	0.913043	0	0
266	0.128026	0.913043	0	0
267	0.131386	0.913043	0	0
268	0.135776	0.913043	0	0
269	0.132738	0.913043	0	0
270	0.134301	0.913043	0	0
271	0.137111	0.913043	0	0
272	0.135787	0.913043	0	0
273	0.132730	0.913043	0	0
274	0.105979	0.934783	0	0
275	0.102535	0.934783	0	0
276	0.132606	0.913043	0	0
277	0.133085	0.913043	0	0
278	0.127463	0.913043	0	0
279	0.116968	0.913043	0	0
280	0.117564	0.913043	0	0
281	0.120587	0.913043	0	0
282	0.122122	0.913043	0	0
283	0.110095	0.913043	0	0
284	0.108911	0.913043	0	0
285	0.113819	0.913043	0	0
286	0.110239	0.913043	0	0
287	-1.000000	0.978261	0	0
288	-1.000000	0.978261	0	0
289	-1.000000	0.978261	0	0
290	-1.000000	0.978261	0	0
291	0.109263	0.913043	0	0
292	0.104225	0.913043	0	0
293	0.109903	0.913043	0	0
294	0.107745	0.913043	0	0
295	0.113314	0.913043	0	0
296	0.114010	0.913043	0	0
297	0.111132	0.913043	0	0
298	0.114480	0.913043	0	0
299	0.115962	0.913043	0	0
300	0.119090	0.913043	0	0
301	0.117475	0.913043	0	0
302	0.113575	0.913043	0	0
303	0.122002	0.913043	0	0
304	0.125518	0.913043	0	0
305	0.123214	0.913043	0	0
306	0.115182	0.913043	0	0
307	0.114186	0.913043	0	0
308	0.115038	0.913043	0	0
309	0.101488	0.913043	0	0
310	-1.000000	0.978261	0	0
311	-1.000000	0.978261	0	0
312	0.110008	0.913043	0	0
313	0.105878	0.913043	0	0
314	0.099154	0.913043	0	0
315	0.095002	0.913043	0	0
316	0.085732	0.934783	0	0
317	0.079986	0.934783	0	0
318	0.079983	0.934783	0	0
319	0.091848	0.934783	0	0
320	0.086376	0.934783	0	0
321	0.085361	0.934783	0	0
322	0.089494	0.934783	0	0
323	0.139198	0.891304	0	0
324	0.143245	0.891304	0	0
325	0.151761	0.869565	0	0
326	0.152869	0.869565	0	0
327	0.157085	0.869565	0	0
328	0.153520	0.869565	0	0
329	0.146122	0.891304	0	0
330	0.156395	0.891304	0	0
331	0.138302	0.913043	0	0
332	0.137874	0.913043	0	0
333	0.135120	0.913043	0	0
334	0.136183	0.913043	0	0
335	0.134559	0.913043	0	0
336	0.156532	0.891304	0	0
337	0.157966	0.891304	0	0
338	0.164933	0.891304	0	0
339	0.178336	0.869565	0	0
340	0.178140	0.869565	0	0
341	0.178067	0.869565	0	0
342	0.180578	0.869565	0	0
343	0.178662	0.869565	0	0
344	0.167307	0.869565	0	0
345	0.167217	0.869565	0	0
346	0.174280	0.869565	0	0
347	0.166192	0.869565	0	0
348	0.156157	0.869565	0	0
349	0.158216	0.869565	0	0
350	0.156020	0.869565	0	0
351	0.125548	0.891304	0	0
352	0.115418	0.891304	0	0
353	0.104411	0.913043	0	0
354	0.099173	0.913043	0	0
355	0.097076	0.913043	0	0
356	0.093366	0.934783	0	0
357	0.095101	0.934783	0	0
358	0.105853	0.891304	0	0
359	0.117037	0.891304	0	0
360	0.123966	0.891304	0	0
361	0.125915	0.891304	0	0
362	0.131480	0.891304	0	0
363	0.131258	0.891304	0	0
364	0.139603	0.891304	0	0
365	0.145825	0.869565	0	0
366	0.144565	0.869565	0	0
367	0.148695	0.869565	0	0
368	0.153739	0.869565	0	0
369	0.153330	0.869565	0	0
370	0.145057	0.869565	0	0
371	0.144084	0.869565	0	0
372	0.130071	0.891304	0	0
373	0.114797	0.913043	0	0
374	0.109836	0.913043	0	0
375	0.126659	0.891304	0	0
376	0.115963	0.913043	0	0
377	0.128291	0.891304	0	0
378	0.134100	0.891304	0	0
379	0.124132	0.913043	0	0
380	0.133957	0.891304	0	0
381	0.136202	0.891304	0	0
382	0.073982	0.956522	0	0
383	0.070406	0.956522	0	0
384	0.073132	0.956522	0	0
385	0.070423	0.956522	0	0
386	0.069935	0.956522	0	0
387	0.145054	0.869565	0	0
388	0.156240	0.869565	0	0
389	0.153656	0.869565	0	0
390	0.148205	0.869565	0	0
391	0.125156	0.913043	0	0
392	0.127207	0.913043	0	0
393	0.120726	0.913043	0	0
394	0.112466	0.913043	0	0
395	0.135539	0.891304	0	0
396	0.142851	0.891304	0	0
397	0.148004	0.891304	0	0
398	0.133245	0.913043	0	0
399	0.133913	0.913043	0	0
400	0.137528	0.913043	0	0
401	0.136063	0.913043	0	0
402	0.132855	0.913043	0	0
403	0.136203	0.913043	0	0
404	0.135151	0.913043	0	0
405	0.140204	0.891304	0	0
406	0.144000	0.869565	0	0
407	0.137606	0.869565	0	0
408	0.134516	0.869565	0	0
409	0.116330	0.913043	0	0
410	0.117305	0.913043	0	0
411	0.122269	0.913043	0	0
412	0.122410	0.913043	0	0
413	0.132293	0.891304	0	0
414	0.124284	0.891304	0	0
415	0.070325	0.956522	0	0
416	0.072191	0.956522	0	0
417	0.070081	0.956522	0	0
418	0.066261	0.956522	0	0
419	0.070325	0.956522	0	0
420	0.120728	0.891304	0	0
421	0.124764	0.891304	0	0
422	0.103510	0.934783	0	0
423	0.103528	0.934783	0	0
424	0.108003	0.934783	0	0
425	0.108144	0.934783	0	0
426	0.107306	0.934783	0	0
427	0.108047	0.934783	0	0
428	0.110341	0.934783	0	0
429	0.108008	0.934783	0	0
430	0.136957	0.891304	0	0
431	0.138978	0.891304	0	0
432	0.144101	0.891304	0	0
433	0.139410	0.891304	0	0
434	0.132268	0.891304	0	0
435	0.130488	0.891304	0	0
436	0.102325	0.934783	0	0
437	0.098817	0.934783	0	0
438	0.127153	0.891304	0	0
439	0.124396	0.891304	0	0
440	0.095549	0.934783	0	0
441	0.100430	0.913043	0	0
442	0.105904	0.913043	0	0
443	0.108253	0.913043	0	0
444	0.092583	0.934783	0	0
445	0.096242	0.934783	0	0
446	0.103320	0.934783	0	0
447	0.105845	0.934783	0	0
448	0.104807	0.934783	0	0
449	0.102023	0.934783	0	0
450	0.123393	0.913043	0	0
451	0.120281	0.913043	0	0
452	0.116669	0.913043	0	0
453	0.121346	0.913043	0	0
454	0.123780	0.913043	0	0
455	0.128915	0.913043	0	0
456	0.133692	0.913043	0	0
457	0.138894	0.913043	0	0
458	0.137300	0.913043	0	0
459	0.139906	0.913043	0	0
460	0.136296	0.913043	0	0
461	0.139168	0.913043	0	0
462	0.139565	0.913043	0	0
463	0.107933	0.934783	0	0
464	0.125702	0.913043	0	0
465	0.125216	0.913043	0	0
466	0.125447	0.913043	0	0
467	0.121015	0.913043	0	0
468	0.130225	0.869565	0	0
469	0.127215	0.869565	0	0
470	0.111977	0.891304	0	0
471	0.110849	0.913043	0	0
472	0.110673	0.913043	0	0
473	0.134108	0.891304	0	0
474	0.132207	0.891304	0	0
475	0.131198	0.891304	0	0
476	0.104951	0.934783	0	0
477	0.101856	0.934783	0	0
478	0.100144	0.934783	0	0
479	0.101586	0.934783	0	0
480	0.121233	0.913043	0	0
481	0.121146	0.913043	0	0
482	0.133139	0.891304	0	0
483	0.114617	0.913043	0	0
484	0.096034	0.934783	0	0
485	0.097004	0.934783	0	0
486	0.102606	0.934783	0	0
487	0.100212	0.934783	0	0
488	0.097410	0.934783	0	0
489	0.083532	0.934783	0	0
490	0.085256	0.934783	0	0
491	-1.000000	0.978261	0	0
492	-1.000000	0.978261	0	0
493	0.064779	0.956522	0	0
494	0.062105	0.956522	0	0
495	0.068132	0.956522	0	0
496	0.063697	0.956522	0	0
497	0.072538	0.956522	0	0
498	0.089484	0.934783	0	0
499	0.099570	0.934783	0	0
500	0.229796	0.804348	0	0
501	0.236819	0.804348	0	0
502	0.256506	0.782609	0	0
503	0.258563	0.782609	0	0
504	0.264917	0.782609	0	0
505	0.267395	0.760870	0	0
506	0.272824	0.760870	0	0
507	0.269406	0.760870	0	0
508	0.251899	0.760870	0	0
509	0.170048	0.869565	0	0
510	0.170138	0.869565	0	0
511	0.279781	0.760870	0	0
512	0.292638	0.760870	0	0
513	0.304543	0.760870	0	0
514	0.308092	0.739130	0	0
515	0.305975	0.739130	0	0
516	0.314861	0.739130	0	0
517	0.313702	0.739130	0	0
518	0.310437	0.739130	0	0
519	0.311634	0.760870	0	0
520	0.315652	0.760870	0	0
521	0.306507	0.760870	0	0
522	0.286803	0.782609	0	0
523	0.290654	0.782609	0	0
524	0.292722	0.782609	0	0
525	0.281099	0.782609	0	0
526	0.286720	0.782609	0	0
527	0.254410	0.782609	0	0
528	0.069309	0.956522	0	0
529	0.099957	0.934783	0	0
530	0.264852	0.804348	0	0
531	0.266145	0.804348	0	0
532	0.265296	0.804348	0	0
533	0.264786	0.804348	0	0
534	0.245870	0.782609	0	0
535	0.238267	0.782609	0	0
536	0.145977	0.869565	0	0
537	0.147345	0.869565	0	0
538	0.143051	0.869565	0	0
539	0.144841	0.869565	0	0
540	0.126816	0.913043	0	0
541	0.130930	0.913043	0	0
542	0.136153	0.913043	0	0
543	0.135701	0.913043	0	0
544	0.128893	0.913043	0	0
545	0.131600	0.913043	0	0
546	0.135910	0.913043	0	0
547	0.133420	0.913043	0	0
548	0.128863	0.913043	0	0
549	0.134143	0.913043	0	0
550	0.132282	0.913043	0	0
551	0.124349	0.913043	0	0
552	0.123246	0.913043	0	0
553	0.097781	0.934783	0	0
554	0.086580	0.934783	0	0
555	0.088850	0.934783	0	0
556	0.100543	0.913043	0	0
557	0.088827	0.913043	0	0
558	0.110836	0.891304	0	0
559	0.127347	0.891304	0	0
560	0.129123	0.891304	0	0
561	0.128593	0.891304	0	0
562	0.135140	0.869565	0	0
563	0.140598	0.891304	0	0
564	0.209172	0.826087	0	0
565	0.222934	0.826087	0	0
566	0.234153	0.826087	0	0
567	0.235396	0.826087	0	0
568	0.239054	0.826087	0	0
569	0.268834	0.760870	0	0
570	0.278598	0.760870	0	0
571	0.273763	0.760870	0	0
572	0.270118	0.739130	0	0
573	0.259253	0.739130	0	0
574	0.230557	0.760870	0	0
575	0.194500	0.826087	0	0
576	0.207777	0.804348	0	0
577	0.252804	0.760870	0	0
578	0.246617	0.782609	0	0
579	0.249928	0.782609	0	0
580	0.244258	0.782609	0	0
581	0.234227	0.826087	0	0
582	0.075166	0.956522	0	0
583	0.073778	0.956522	0	0
584	0.077120	0.956522	0	0
585	0.071458	0.956522	0	0
586	0.075305	0.956522	0	0
587	0.077176	0.956522	0	0
588	0.115511	0.913043	0	0
589	0.121504	0.913043	0	0
590	0.121763	0.913043	0	0
591	0.121047	0.913043	0	0
592	0.121535	0.913043	0	0
593	0.142090	0.891304	0	0
594	0.122147	0.913043	0	0
595	0.273911	0.782609	0	0
596	0.277883	0.782609	0	0
597	0.281622	0.782609	0	0
598	0.276652	0.782609	0	0
599	0.276002	0.782609	0	0
600	0.289936	0.782609	0	0
601	0.286800	0.782609	0	0
602	0.284551	0.782609	0	0
603	0.280012	0.782609	0	0
604	0.275876	0.782609	0	0
605	0.274530	0.782609	0	0
606	0.258763	0.826087	0	0
607	0.255928	0.826087	0	0
608	0.251658	0.826087	0	0
609	0.249000	0.826087	0	0
610	0.223707	0.804348	0	0
611	0.089947	0.934783	0	0
612	0.090989	0.934783	0	0
613	0.091339	0.934783	0	0
614	0.189076	0.847826	0	0
615	0.131028	0.869565	0	0
616	0.136746	0.869565	0	0
617	0.141297	0.847826	0	0
618	0.140612	0.847826	0	0
619	0.119455	0.913043	0	0
620	0.097549	0.934783	0	0
621	0.073442	0.956522	0	0
622	0.076724	0.956522	0	0
623	0.076750	0.956522	0	0
624	0.097441	0.934783	0	0
625	0.100385	0.934783	0	0
626	0.098787	0.934783	0	0
627	0.096279	0.934783	0	0
628	0.096635	0.934783	0	0
629	-1.000000	0.978261	0	0
630	-1.000000	0.978261	0	0
631	-1.000000	0.978261	0	0
632	-1.000000	0.978261	0	0
633	0.089772	0.934783	0	0
634	0.098948	0.934783	0	0
635	0.093918	0.934783	0	0
636	0.122614	0.891304	0	0
637	0.126268	0.869565	0	0
638	0.155964	0.826087	0	0
639	0.157811	0.891304	0	0
640	0.166810	0.826087	0	0
641	0.190542	0.869565	0	0
642	0.205214	0.804348	0	0
643	0.189223	0.869565	0	0
644	0.212051	0.804348	0	0
645	0.119927	0.934783	0	0
646	0.118745	0.934783	0	0
647	0.119011	0.934783	0	0
648	0.117163	0.934783	0	0
649	0.113991	0.934783	0	0
650	0.082107	0.956522	0	0
651	0.082602	0.956522	0	0
652	0.081821	0.956522	0	0
653	0.081455	0.956522	0	0
654	0.081784	0.956522	0	0
655	0.080991	0.956522	0	0
656	0.080717	0.956522	0	0
657	0.213114	0.847826	0	0
658	0.247415	0.804348	0	0
659	-1.000000	0.978261	0	0
660	-1.000000	0.978261	0	0
661	-1.000000	0.978261	0	0
662	0.079824	0.956522	0	0
663	0.078550	0.956522	0	0
664	0.079002	0.956522	0	0
665	0.078740	0.956522	0	0
666	0.078505	0.956522	0	0
667	0.076782	0.956522	0	0
668	0.075534	0.956522	0	0
669	0.074286	0.956522	0	0
670	0.111545	0.934783	0	0
671	0.141659	0.913043	0	0
672	0.144598	0.913043	0	0
673	0.249554	0.826087	0	0
674	0.320629	0.739130	0	0
675	0.330471	0.717391	0	0
676	0.332606	0.695652	0	0
677	0.324258	0.695652	0	0
678	0.334405	0.673913	0	0
679	0.302006	0.739130	0	0
680	0.305420	0.739130	0	0
681	0.309976	0.717391	0	0
682	0.447130	0.478261	0	0
683	0.470325	0.500000	0	0
684	0.489136	0.478261	0	0
685	0.471039	0.478261	0	0
686	0.461892	0.543478	0	0
687	0.482966	0.434783	0	0
688	0.301243	0.782609	0	1
689	0.302321	0.782609	0	1
690	0.225833	0.869565	0	1
691	0.228038	0.869565	0	1
692	0.227603	0.869565	0	1
693	0.227341	0.869565	0	1
694	0.227712	0.869565	0	1
695	0.360984	0.652174	0	1
696	0.455288	0.565217	0	1
697	0.477988	0.565217	0	1
698	0.494851	0.565217	0	1
699	0.503496	0.565217	0	1
700	0.519921	0.543478	0	1
701	0.523890	0.521739	0	1
702	0.534261	0.521739	0	1
703	0.357079	0.739130	0	1
704	0.438701	0.630435	0	1
705	0.512882	0.565217	0	1
706	0.533369	0.521739	0	1
707	0.565444	0.500000	0	1
708	0.561316	0.152174	1	1
709	0.558740	0.173913	1	1
710	0.576165	0.173913	1	1
711	0.525805	0.391304	0	1
712	0.526623	0.500000	0	1
713	0.548334	0.326087	0	1
714	0.554384	0.239130	1	1
715	0.624058	0.304348	0	1
716	0.664378	0.152174	1	1
717	0.660666	0.173913	1	1
718	0.664429	0.152174	1	1
719	0.709528	0.173913	1	1
720	0.687859	0.195652	1	1
721	0.675417	0.195652	1	1
722	0.718197	0.152174	1	1
723	0.708161	0.152174	1	1
724	0.674325	0.152174	1	1
725	0.702038	0.152174	1	1
726	0.714116	0.195652	1	1
727	0.570761	0.543478	0	1
728	0.618951	0.065217	1	1
729	0.606054	0.021739	1	1
730	0.613853	0.021739	1	1
731	0.623680	0.043478	1	1
732	0.602095	0.021739	1	1
733	0.555349	0.282609	1	1
734	0.604515	0.021739	1	1
735	0.612425	0.130435	1	1
736	0.621533	0.086957	1	1
737	0.656101	0.021739	1	1
738	0.666466	0.043478	1	1
739	0.697696	0.065217	1	1
740	0.705759	0.065217	1	1
741	0.748464	0.065217	1	1
742	0.746952	0.086957	1	1
743	0.736672	0.065217	1	1
744	0.758371	0.086957	1	1
745	0.776846	0.086957	1	1
746	0.781218	0.086957	1	1
747	0.744658	0.086957	1	1
748	0.733534	0.086957	1	1
749	0.745736	0.086957	1	1
750	0.734571	0.086957	1	1
751	0.628755	0.304348	0	1
752	0.535095	0.543478	0	1
753	0.597143	0.239130	1	1
754	0.674193	0.043478	1	1
755	0.683476	0.021739	1	1
756	0.725962	0.021739	1	1
757	0.767594	0.021739	1	1
758	0.818321	0.021739	1	1
759	0.831600	0.021739	1	1
760	0.856894	0.021739	1	1
761	0.855416	0.021739	1	1
762	0.849370	0.000000	1	1
763	0.830698	0.000000	1	1
764	0.823483	0.000000	1	1
765	0.811607	0.000000	1	1
766	0.593271	0.543478	0	1
767	0.587697	0.543478	0	1
768	0.580441	0.565217	0	1
769	0.558192	0.586957	0	1
770	0.667607	0.043478	1	1
771	0.663545	0.021739	1	1
772	0.082547	0.956522	0	1
773	0.698488	0.021739	1	1
774	0.718570	0.000000	1	1
775	0.750328	0.000000	1	1
776	0.783762	0.000000	1	1
777	0.769816	0.000000	1	1
778	0.745784	0.000000	1	1
779	0.761180	0.000000	1	1
780	0.802489	0.000000	1	1
781	0.769071	0.000000	1	1
782	0.734967	0.000000	1	1
783	0.746457	0.000000	1	1
784	0.775910	0.000000	1	1
785	0.716708	0.000000	1	1
786	0.549631	0.543478	0	1
787	0.564554	0.543478	0	1
788	0.564357	0.543478	0	1
789	0.522976	0.586957	0	1
790	0.523788	0.586957	0	1
791	0.538285	0.586957	0	1
792	0.604251	0.065217	1	1
793	0.612064	0.065217	1	1
794	0.590701	0.369565	0	1
795	0.578304	0.456522	0	1
796	0.602556	0.304348	0	1
797	0.621292	0.239130	1	1
798	0.624452	0.195652	1	1
799	0.644002	0.195652	1	1
800	0.668147	0.173913	1	1
801	0.721224	0.043478	1	1
802	0.748210	0.000000	1	1
803	0.793864	0.000000	1	1
804	0.838326	0.000000	1	1
805	0.855945	0.000000	1	1
806	0.577628	0.586957	0	1
807	0.575081	0.586957	0	1
808	0.721597	0.000000	1	1
809	0.740970	0.000000	1	1
810	0.840687	0.000000	1	1
811	0.820869	0.000000	1	1
812	0.789958	0.000000	1	1
813	0.797372	0.000000	1	1
814	0.827447	0.000000	1	1
815	0.785310	0.000000	1	1
816	0.763316	0.000000	1	1
817	0.605778	0.413043	0	1
818	0.549857	0.586957	0	1
819	0.542007	0.586957	0	1
820	0.533546	0.608696	0	1
821	0.289103	0.826087	0	1
822	0.353243	0.760870	0	1
823	0.348169	0.760870	0	1
824	0.378444	0.739130	0	1
825	0.401930	0.717391	0	1
826	0.497943	0.586957	0	1
827	0.580089	0.173913	1	1
828	-1.000000	0.978261	0	0
829	0.560859	0.413043	0	1
830	0.605673	0.152174	1	1
831	0.701274	0.065217	1	1
832	0.744579	0.086957	1	1
833	0.758960	0.130435	1	1
834	0.783352	0.152174	1	1
835	0.794448	0.152174	1	1
836	0.781474	0.152174	1	1
837	0.764130	0.152174	1	1
838	0.766438	0.152174	1	1
839	0.574459	0.565217	0	1
840	0.560529	0.586957	0	1
841	0.471900	0.673913	0	1
842	0.596919	0.282609	1	1
843	0.589307	0.152174	1	1
844	0.591605	0.152174	1	1
845	0.629950	0.108696	1	1
846	0.699899	0.021739	1	1
847	0.686771	0.000000	1	1
848	0.668722	0.000000	1	1
849	0.699807	0.021739	1	1
850	0.716716	0.000000	1	1
851	0.730091	0.000000	1	1
852	0.735137	0.000000	1	1
853	0.751131	0.000000	1	1
854	0.754343	0.000000	1	1
855	0.774644	0.000000	1	1
856	0.776451	0.000000	1	1
857	0.776636	0.000000	1	1
858	0.763723	0.000000	1	1
859	0.757674	0.000000	1	1
860	0.755686	0.000000	1	1
861	0.751433	0.065217	1	1
862	0.747956	0.108696	1	1
863	0.734026	0.130435	1	1
864	0.723287	0.108696	1	1
865	0.659170	0.260870	1	1
866	0.637044	0.086957	1	1
867	0.601920	0.347826	0	1
868	0.553227	0.586957	0	1
869	0.553211	0.586957	0	1
870	0.546307	0.586957	0	1
871	0.511833	0.608696	0	1
872	0.487939	0.630435	0	1
873	0.482338	0.630435	0	1
874	0.426015	0.695652	0	1
875	0.412357	0.695652	0	1
876	0.397002	0.717391	0	1
877	0.408326	0.717391	0	1
878	0.400852	0.717391	0	1
879	0.394111	0.717391	0	1
880	0.392189	0.717391	0	1
881	0.391676	0.717391	0	1
882	0.391684	0.695652	0	1
883	0.386997	0.695652	0	1
884	0.394343	0.695652	0	1
885	0.400724	0.695652	0	1
886	0.388855	0.695652	0	1
887	0.384008	0.717391	0	0
888	0.381703	0.717391	0	0
889	0.373777	0.717391	0	0
890	0.376003	0.717391	0	0
891	0.376562	0.717391	0	0
892	0.384887	0.717391	0	0
893	0.386446	0.695652	0	0
894	0.386333	0.695652	0	0
895	0.387992	0.695652	0	0
896	0.412888	0.695652	0	0
897	0.408750	0.695652	0	0
898	0.398960	0.695652	0	0
899	0.401125	0.695652	0	0
900	0.408727	0.695652	0	0
901	0.408241	0.695652	0	0
902	0.397490	0.695652	0	0
903	0.401962	0.695652	0	0
904	0.408027	0.695652	0	0
905	0.093397	0.934783	0	0
906	0.073319	0.956522	0	0
907	0.075359	0.956522	0	0
908	0.077933	0.956522	0	0
909	0.078931	0.956522	0	0
910	0.075920	0.956522	0	0
911	0.073681	0.956522	0	0
912	0.392260	0.717391	0	0
913	0.409509	0.673913	0	0
914	0.413349	0.673913	0	0
915	0.431648	0.673913	0	0
916	0.421327	0.673913	0	1
917	0.415656	0.673913	0	1
918	0.428143	0.673913	0	1
919	0.438401	0.673913	0	1
920	0.424374	0.673913	0	1
921	0.423460	0.673913	0	1
922	0.436631	0.673913	0	1
923	0.433154	0.673913	0	1
924	0.424997	0.673913	0	1
925	0.390497	0.652174	0	1
926	0.358422	0.652174	0	1
927	0.284463	0.804348	0	1
928	0.249902	0.760870	0	1
929	0.256772	0.782609	0	1
930	0.251097	0.804348	0	1
931	0.380567	0.652174	0	1
932	0.352933	0.608696	0	1
933	0.365700	0.695652	0	1
934	0.398791	0.565217	0	1
935	0.455528	0.543478	0	1
936	0.591607	0.021739	1	1
937	0.675047	0.021739	1	1
938	0.735373	0.000000	1	1
939	0.804877	0.000000	1	1
940	0.837326	0.000000	1	1
941	0.868466	0.000000	1	1
942	0.873401	0.000000	1	1
943	0.887374	0.000000	1	1
944	0.845523	0.021739	1	1
945	0.117272	0.934783	0	1
946	0.819450	0.021739	1	1
947	0.738377	0.000000	1	1
948	0.734769	0.000000	1	1
949	0.734084	0.000000	1	1
950	0.752999	0.000000	1	1
951	0.782287	0.000000	1	1
952	0.720247	0.000000	1	1
953	0.595695	0.413043	0	1
954	0.566594	0.586957	0	1
955	0.557596	0.586957	0	1
956	0.544809	0.586957	0	1
957	0.525528	0.586957	0	1
958	0.429730	0.695652	0	1
959	0.359585	0.739130	0	1
960	0.255939	0.826087	0	1
961	0.307245	0.760870	0	1
962	0.276982	0.804348	0	1
963	-1.000000	0.978261	0	0
964	-1.000000	0.978261	0	0
965	-1.000000	0.978261	0	0
966	-1.000000	0.978261	0	0
967	0.113277	0.934783	0	1
968	0.112966	0.934783	0	1
969	0.110949	0.934783	0	1
970	0.136787	0.913043	0	1
971	0.130844	0.913043	0	1
972	0.136837	0.913043	0	1
973	0.139381	0.913043	0	0
974	0.114021	0.934783	0	0
975	0.080436	0.956522	0	0
976	0.080378	0.956522	0	0
977	0.082200	0.956522	0	0
978	0.081642	0.956522	0	0
979	0.081416	0.956522	0	1
980	0.079878	0.956522	0	1
981	0.079119	0.956522	0	1
982	-1.000000	0.978261	0	0
983	-1.000000	0.978261	0	0
984	0.114258	0.934783	0	1
985	0.114627	0.934783	0	1
986	0.117972	0.934783	0	1
987	0.118403	0.934783	0	1
988	0.117713	0.934783	0	1
989	0.120258	0.934783	0	1
990	0.119982	0.934783	0	1
991	0.137118	0.913043	0	1
992	0.139448	0.913043	0	1
993	0.171077	0.891304	0	1
994	0.173387	0.891304	0	1
995	0.360211	0.695652	0	1
996	0.414407	0.630435	0	1
997	0.487151	0.586957	0	1
998	0.526977	0.586957	0	1
999	0.586370	0.130435	1	1
1000	0.622527	0.000000	1	1
1001	0.748881	0.000000	1	1
1002	0.768235	0.000000	1	1
1003	0.741778	0.000000	1	1
1004	0.823022	0.000000	1	1
1005	0.830007	0.000000	1	1
1006	0.850841	0.000000	1	1
1007	0.876871	0.000000	1	1
1008	0.894286	0.000000	1	1
1009	0.895462	0.000000	1	1
1010	0.893229	0.000000	1	1
1011	0.863869	0.000000	1	1
1012	0.839786	0.000000	1	1
1013	0.845729	0.000000	1	1
1014	0.828417	0.000000	1	1
1015	0.809670	0.021739	1	1
1016	0.755834	0.000000	1	1
1017	0.598262	0.413043	0	1
1018	0.765363	0.000000	1	1
1019	0.761526	0.000000	1	1
1020	0.789479	0.000000	1	1
1021	0.777382	0.000000	1	1
1022	0.768941	0.000000	1	1
1023	0.769808	0.000000	1	1
1024	0.780346	0.043478	1	1
1025	0.773079	0.021739	1	1
1026	-1.000000	0.978261	0	0
1027	-1.000000	0.978261	0	0
1028	-1.000000	0.978261	0	0
1029	0.742566	0.043478	1	1
1030	0.080962	0.956522	0	1
1031	0.081597	0.956522	0	1
1032	0.080574	0.956522	0	1
1033	0.081021	0.956522	0	1
1034	0.743551	0.000000	1	1
1035	0.755930	0.021739	1	1
1036	0.818283	0.000000	1	1
1037	0.840657	0.000000	1	1
1038	0.871699	0.000000	1	1
1039	0.877092	0.000000	1	1
1040	0.878359	0.000000	1	1
1041	0.877439	0.000000	1	1
1042	0.840460	0.000000	1	1
1043	0.753023	0.000000	1	1
1044	0.747661	0.000000	1	1
1045	0.807071	0.000000	1	1
1046	0.766176	0.000000	1	1
1047	0.080609	0.956522	0	1
1048	0.740741	0.021739	1	1
1049	0.739047	0.000000	1	1
1050	0.762452	0.000000	1	1
1051	0.761214	0.000000	1	1
1052	0.760997	0.000000	1	1
1053	0.768648	0.000000	1	1
1054	0.784097	0.000000	1	1
1055	0.803518	0.000000	1	1
1056	0.787075	0.000000	1	1
1057	0.778951	0.000000	1	1
1058	0.798624	0.000000	1	1
1059	0.742418	0.217391	1	1
1060	0.628355	0.478261	0	1
1061	0.589684	0.565217	0	1
1062	0.594224	0.565217	0	1
1063	0.593443	0.565217	0	1
1064	0.582145	0.565217	0	1
1065	0.574124	0.565217	0	1
1066	0.573779	0.565217	0	1
1067	0.556593	0.565217	0	1
1068	0.548904	0.586957	0	1
1069	0.544974	0.586957	0	1
1070	0.529602	0.608696	0	1
1071	0.533150	0.608696	0	1
1072	0.533279	0.608696	0	1
1073	0.549260	0.586957	0	1
1074	0.569530	0.565217	0	1
1075	0.574060	0.565217	0	1
1076	0.570562	0.304348	0	1
1077	-1.000000	0.978261	0	0
1078	-1.000000	0.978261	0	0
1079	-1.000000	0.978261	0	0
1080	-1.000000	0.978261	0	0
1081	-1.000000	0.978261	0	0
1082	-1.000000	0.978261	0	0
1083	-1.000000	0.978261	0	0
1084	0.600909	0.217391	1	1
1085	0.628238	0.043478	1	1
1086	0.641672	0.021739	1	1
1087	0.646577	0.021739	1	1
1088	0.694517	0.000000	1	1
1089	0.662826	0.000000	1	1
1090	0.690460	0.000000	1	1
1091	0.822450	0.000000	1	1
1092	0.830076	0.000000	1	1
1093	0.811325	0.000000	1	1
1094	0.845205	0.000000	1	1
1095	0.855390	0.000000	1	1
1096	0.841956	0.000000	1	1
1097	0.836658	0.000000	1	1
1098	0.781167	0.021739	1	1
1099	0.632023	0.195652	1	1
1100	0.471559	0.456522	0	1
1101	0.081551	0.956522	0	1
1102	0.183682	0.891304	0	1
1103	0.079484	0.956522	0	1
1104	0.393056	0.630435	0	1
1105	0.528939	0.478261	0	1
1106	0.593563	0.195652	1	1
1107	0.683455	0.021739	1	1
1108	0.664556	0.021739	1	1
1109	0.702358	0.000000	1	1
1110	0.719375	0.021739	1	1
1111	0.667288	0.021739	1	1
1112	0.702734	0.000000	1	1
1113	0.733598	0.000000	1	1
1114	0.727806	0.000000	1	1
1115	0.731470	0.000000	1	1
1116	0.722427	0.000000	1	1
1117	0.759751	0.021739	1	1
1118	0.734626	0.000000	1	1
1119	0.723297	0.043478	1	1
1120	0.737952	0.043478	1	1
1121	0.707915	0.021739	1	1
1122	0.740003	0.021739	1	1
1123	0.658854	0.260870	1	1
1124	0.674843	0.195652	1	1
1125	0.720959	0.065217	1	1
1126	0.081126	0.956522	0	1
1127	0.081341	0.956522	0	1
1128	0.721480	0.043478	1	1
1129	0.711772	0.021739	1	1
1130	0.697794	0.021739	1	1
1131	0.744107	0.000000	1	1
1132	0.816114	0.000000	1	1
1133	0.845655	0.000000	1	1
1134	0.854935	0.000000	1	1
1135	0.881416	0.000000	1	1
1136	0.848809	0.000000	1	1
1137	0.849809	0.000000	1	1
1138	0.720135	0.304348	0	1
1139	0.653175	0.413043	0	1
1140	0.617042	0.456522	0	1
1141	0.589685	0.434783	0	1
1142	0.561427	0.434783	0	1
1143	0.552087	0.543478	0	1
1144	0.340663	0.760870	0	1
1145	0.193621	0.869565	0	1
1146	0.335181	0.760870	0	1
1147	-1.000000	0.978261	0	0
1148	-1.000000	0.978261	0	0
1149	-1.000000	0.978261	0	0
1150	-1.000000	0.978261	0	0
1151	-1.000000	0.978261	0	0
1152	0.355289	0.739130	0	1
1153	0.462500	0.608696	0	1
1154	0.505942	0.565217	0	1
1155	0.538481	0.565217	0	1
1156	0.560543	0.521739	0	1
1157	-1.000000	0.978261	0	0
1158	-1.000000	0.978261	0	0
1159	-1.000000	0.978261	0	0
1160	0.445904	0.695652	0	1
1161	0.484096	0.652174	0	1
1162	0.493311	0.652174	0	1
1163	0.497932	0.630435	0	1
1164	0.592680	0.130435	1	1
1165	0.722966	0.000000	1	1
1166	0.724816	0.000000	1	1
1167	0.715367	0.000000	1	1
1168	0.720077	0.000000	1	1
1169	0.792412	0.000000	1	1
1170	0.809016	0.000000	1	1
1171	0.786873	0.000000	1	1
1172	0.800672	0.000000	1	1
1173	0.813997	0.000000	1	1
1174	0.781304	0.000000	1	1
1175	0.768147	0.000000	1	1
1176	0.776191	0.000000	1	1
1177	0.757746	0.021739	1	1
1178	0.717971	0.043478	1	1
1179	0.717232	0.130435	1	1
1180	0.719551	0.173913	1	1
1181	0.680043	0.173913	1	1
1182	0.653054	0.195652	1	1
1183	0.675011	0.173913	1	1
1184	-1.000000	0.978261	0	0
1185	-1.000000	0.978261	0	0
1186	-1.000000	0.978261	0	0
1187	-1.000000	0.978261	0	0
1188	-1.000000	0.978261	0	0
1189	-1.000000	0.978261	0	0
1190	0.570356	0.391304	0	1
1191	-1.000000	0.978261	0	0
1192	0.181411	0.869565	0	1
1193	0.428353	0.630435	0	1
1194	0.602008	0.043478	1	1
1195	0.645446	0.021739	1	1
1196	0.658541	0.000000	1	1
1197	0.755694	0.065217	1	1
1198	0.791125	0.021739	1	1
1199	0.813972	0.021739	1	1
1200	0.842027	0.000000	1	1
1201	0.870411	0.000000	1	1
1202	0.854358	0.000000	1	1
1203	0.850214	0.000000	1	1
1204	0.823831	0.000000	1	1
1205	0.750837	0.152174	1	1
1206	0.611120	0.456522	0	1
1207	0.633802	0.217391	1	1
1208	0.543376	0.586957	0	1
1209	0.544226	0.456522	0	1
1210	0.571045	0.521739	0	1
1211	0.543064	0.586957	0	1
1212	0.547952	0.586957	0	1
1213	0.677959	0.195652	1	1
1214	0.641378	0.195652	1	1
1215	0.588474	0.195652	1	1
1216	0.546815	0.413043	0	1
1217	0.118702	0.934783	0	1
1218	0.502533	0.413043	0	1
1219	0.498105	0.434783	0	1
1220	0.442027	0.304348	0	1
1221	0.427654	0.543478	0	1
1222	0.458546	0.565217	0	1
1223	0.466106	0.543478	0	1
1224	0.476372	0.521739	0	1
1225	0.471038	0.478261	0	1
1226	0.462942	0.239130	1	1
1227	0.444582	0.108696	1	1
1228	0.470216	0.369565	0	1
1229	0.493600	0.326087	0	1
1230	0.555881	0.065217	1	1
1231	0.620373	0.000000	1	1
1232	0.662839	0.000000	1	1
1233	0.641040	0.000000	1	1
1234	0.676011	0.000000	1	1
1235	0.711153	0.000000	1	1
1236	0.687996	0.021739	1	1
1237	0.717343	0.000000	1	1
1238	0.747894	0.000000	1	1
1239	0.749705	0.000000	1	1
1240	0.803699	0.000000	1	1
1241	0.810226	0.000000	1	1
1242	0.816138	0.000000	1	1
1243	0.788376	0.000000	1	1
1244	0.783869	0.000000	1	1
1245	0.802798	0.000000	1	1
1246	0.812833	0.000000	1	1
1247	0.799509	0.000000	1	1
1248	0.802382	0.000000	1	1
1249	0.798680	0.000000	1	1
1250	0.800404	0.000000	1	1
1251	0.779346	0.000000	1	1
1252	0.763867	0.000000	1	1
1253	0.760314	0.000000	1	1
1254	0.740667	0.000000	1	1
1255	0.719248	0.000000	1	1
1256	0.710521	0.000000	1	1
1257	0.683496	0.021739	1	1
1258	0.644168	0.108696	1	1
1259	0.562285	0.434783	0	1
1260	0.530498	0.500000	0	1
1261	0.503198	0.326087	0	1
1262	0.451385	0.478261	0	1
1263	0.324661	0.695652	0	1
1264	-1.000000	0.978261	0	0
1265	0.310693	0.695652	0	1
1266	0.297727	0.695652	0	1
1267	-1.000000	0.978261	0	0
1268	-1.000000	0.978261	0	0
1269	0.280991	0.739130	0	1
1270	0.284279	0.695652	0	1
1271	0.290980	0.652174	0	1
1272	0.296574	0.608696	0	1
1273	0.301549	0.630435	0	1
1274	0.327786	0.717391	0	1
1275	0.310379	0.717391	0	1
1276	0.292298	0.760870	0	1
1277	0.281350	0.739130	0	1
1278	0.273776	0.760870	0	1
1279	-1.000000	0.978261	0	0
1280	-1.000000	0.978261	0	0
1281	-1.000000	0.978261	0	0
1282	-1.000000	0.978261	0	0
1283	-1.000000	0.978261	0	0
1284	-1.000000	0.978261	0	0
1285	0.199485	0.782609	0	0
1286	0.209096	0.782609	0	0
1287	0.206821	0.782609	0	0
1288	0.180742	0.826087	0	0
1289	0.064108	0.956522	0	0
1290	0.066916	0.956522	0	0
1291	0.073038	0.956522	0	0
1292	0.073382	0.956522	0	0
1293	0.076447	0.956522	0	0
1294	0.103107	0.934783	0	0
1295	0.107323	0.934783	0	0
1296	0.106914	0.934783	0	0
1297	0.109447	0.934783	0	0
1298	0.107742	0.934783	0	0
1299	0.107702	0.934783	0	0
1300	0.169163	0.847826	0	0
1301	0.169947	0.847826	0	0
1302	0.181408	0.847826	0	0
1303	0.177531	0.869565	0	0
1304	0.172704	0.869565	0	0
1305	0.165182	0.869565	0	0
1306	0.143519	0.891304	0	0
1307	0.152194	0.891304	0	0
1308	0.134699	0.891304	0	0
1309	0.134214	0.891304	0	0
1310	0.137664	0.891304	0	0
1311	-1.000000	0.978261	0	0
1312	-1.000000	0.978261	0	0
1313	-1.000000	0.978261	0	0
1314	-1.000000	0.978261	0	0
1315	-1.000000	0.978261	0	0
1316	-1.000000	0.978261	0	0
1317	-1.000000	0.978261	0	0
1318	-1.000000	0.978261	0	0
1319	-1.000000	0.978261	0	0
1320	-1.000000	0.978261	0	0
1321	-1.000000	0.978261	0	0
1322	-1.000000	0.978261	0	0
1323	-1.000000	0.978261	0	0
1324	-1.000000	0.978261	0	0
1325	0.119406	0.913043	0	0
1326	0.114233	0.913043	0	0
1327	0.115769	0.913043	0	0
1328	0.116095	0.913043	0	0
1329	0.120978	0.891304	0	0
1330	0.110979	0.913043	0	0
1331	0.121819	0.913043	0	0
1332	0.120457	0.913043	0	0
1333	0.128716	0.891304	0	0
1334	0.142366	0.891304	0	0
1335	0.135129	0.891304	0	0
1336	0.152584	0.869565	0	0
1337	0.159878	0.869565	0	0
1338	0.162732	0.869565	0	0
1339	0.158355	0.869565	0	0
1340	0.157514	0.869565	0	0
1341	0.160084	0.869565	0	0
1342	0.147041	0.869565	0	0
1343	0.128854	0.913043	0	0
1344	0.135088	0.913043	0	0
1345	0.130412	0.913043	0	0
1346	0.128823	0.913043	0	0
1347	0.130351	0.913043	0	0
1348	0.133454	0.913043	0	0
1349	0.154695	0.869565	0	0
1350	0.153243	0.869565	0	0
1351	0.166309	0.869565	0	0
1352	0.173144	0.869565	0	0
1353	-1.000000	0.978261	0	0
1354	-1.000000	0.978261	0	0
1355	-1.000000	0.978261	0	0
1356	-1.000000	0.978261	0	0
1357	-1.000000	0.978261	0	0
1358	-1.000000	0.978261	0	0
1359	-1.000000	0.978261	0	0
1360	-1.000000	0.978261	0	0
1361	0.165075	0.869565	0	0
1362	0.171985	0.869565	0	0
1363	0.173668	0.869565	0	0
1364	0.178731	0.869565	0	0
1365	0.185390	0.847826	0	0
1366	0.183078	0.847826	0	0
1367	0.181933	0.847826	0	0
1368	0.181118	0.847826	0	0
1369	0.187732	0.847826	0	0
1370	0.188315	0.847826	0	0
1371	0.181007	0.869565	0	0
1372	0.177094	0.869565	0	0
1373	0.163924	0.869565	0	0
1374	0.163067	0.891304	0	0
1375	0.155145	0.891304	0	0
1376	0.165602	0.869565	0	0
1377	0.170442	0.869565	0	0
1378	0.177626	0.847826	0	0
1379	0.167244	0.869565	0	0
1380	0.172352	0.869565	0	0
1381	0.172247	0.869565	0	0
1382	0.166821	0.869565	0	0
1383	0.148527	0.891304	0	0
1384	0.146115	0.891304	0	0
1385	0.137008	0.891304	0	0
1386	0.129740	0.891304	0	0
1387	0.125443	0.891304	0	0
1388	0.130011	0.891304	0	0
1389	0.117203	0.891304	0	0
1390	0.115261	0.891304	0	0
1391	0.123585	0.891304	0	0
1392	0.129702	0.891304	0	0
1393	0.139631	0.869565	0	0
1394	0.132486	0.891304	0	0
1395	0.136368	0.891304	0	0
1396	0.133886	0.891304	0	0
1397	0.131416	0.891304	0	0
1398	0.121775	0.913043	0	0
1399	0.116786	0.913043	0	0
1400	0.121654	0.913043	0	0
1401	0.121514	0.913043	0	0
1402	0.094066	0.934783	0	0
1403	0.113412	0.913043	0	0
1404	0.131786	0.891304	0	0
1405	0.134220	0.891304	0	0
1406	0.072555	0.956522	0	0
1407	0.085355	0.934783	0	0
1408	0.093083	0.934783	0	0
1409	0.067109	0.956522	0	0
1410	0.124766	0.891304	0	0
1411	0.128754	0.891304	0	0
1412	0.136455	0.891304	0	0
1413	0.137435	0.891304	0	0
1414	0.125513	0.913043	0	0
1415	0.123146	0.913043	0	0
1416	0.121385	0.913043	0	0
1417	0.119453	0.913043	0	0
1418	0.126262	0.913043	0	0
1419	-1.000000	0.978261	0	0
1420	-1.000000	0.978261	0	0
1421	-1.000000	0.978261	0	0
1422	-1.000000	0.978261	0	0
1423	-1.000000	0.978261	0	0
1424	-1.000000	0.978261	0	0
1425	-1.000000	0.978261	0	0
1426	-1.000000	0.978261	0	0
1427	-1.000000	0.978261	0	0
1428	-1.000000	0.978261	0	0
1429	0.065467	0.956522	0	0
1430	0.060277	0.956522	0	0
1431	0.063551	0.956522	0	0
1432	0.069687	0.956522	0	0
1433	0.070599	0.956522	0	0
1434	0.147069	0.869565	0	0
1435	0.151179	0.869565	0	0
1436	0.153136	0.869565	0	0
1437	0.156368	0.869565	0	0
1438	0.144439	0.869565	0	0
1439	0.144187	0.869565	0	0
1440	0.148630	0.869565	0	0
1441	0.164608	0.869565	0	0
1442	0.166973	0.869565	0	0
1443	0.161023	0.869565	0	0
1444	0.159723	0.869565	0	0
1445	0.160691	0.869565	0	0
1446	0.152171	0.869565	0	0
1447	0.161117	0.869565	0	0
1448	0.156596	0.869565	0	0
1449	0.159504	0.869565	0	0
1450	0.165475	0.869565	0	0
1451	0.163609	0.869565	0	0
1452	0.173228	0.869565	0	0
1453	0.178907	0.869565	0	0
1454	0.178414	0.869565	0	0
1455	0.177119	0.869565	0	0
1456	0.177802	0.869565	0	0
1457	0.179850	0.869565	0	0
1458	0.174174	0.869565	0	0
1459	0.174625	0.869565	0	0
1460	0.176978	0.869565	0	0
1461	0.170551	0.869565	0	0
1462	0.167732	0.869565	0	0
1463	0.172241	0.869565	0	0
1464	0.161266	0.869565	0	0
1465	0.156504	0.869565	0	0
1466	0.137548	0.891304	0	0
1467	0.142103	0.869565	0	0
1468	0.147354	0.869565	0	0
1469	0.112465	0.913043	0	0
1470	0.106392	0.934783	0	0
1471	0.135183	0.891304	0	0
1472	0.138355	0.891304	0	0
1473	0.139969	0.891304	0	0
1474	0.135345	0.891304	0	0
1475	0.137433	0.891304	0	0
1476	0.147316	0.869565	0	0
1477	0.150042	0.869565	0	0
1478	0.161096	0.869565	0	0
1479	0.162013	0.869565	0	0
1480	0.156376	0.869565	0	0
1481	0.157972	0.869565	0	0
1482	0.156426	0.869565	0	0
1483	0.150667	0.869565	0	0
1484	0.149384	0.869565	0	0
1485	0.154717	0.869565	0	0
1486	0.151115	0.869565	0	0
1487	0.145313	0.869565	0	0
1488	0.143024	0.869565	0	0
1489	0.141038	0.891304	0	0
1490	0.141531	0.891304	0	0
1491	0.140419	0.891304	0	0
1492	0.140102	0.891304	0	0
1493	0.144770	0.891304	0	0
1494	0.147073	0.891304	0	0
1495	0.146030	0.891304	0	0
1496	0.141840	0.891304	0	0
1497	0.146424	0.891304	0	0
1498	0.144770	0.891304	0	0
1499	0.144459	0.891304	0	0
1500	0.126228	0.913043	0	0
1501	0.122884	0.913043	0	0
1502	0.117695	0.913043	0	0
1503	0.072877	0.956522	0	0
1504	0.117487	0.913043	0	0
1505	0.135812	0.891304	0	0
1506	0.126533	0.891304	0	0
1507	0.073172	0.956522	0	0
1508	0.075705	0.956522	0	0
1509	0.124044	0.891304	0	0
1510	0.115692	0.913043	0	0
1511	0.126995	0.913043	0	0
1512	0.136116	0.891304	0	0
1513	0.127551	0.891304	0	0
1514	0.096438	0.934783	0	0
1515	0.098720	0.934783	0	0
1516	0.101384	0.934783	0	0
1517	0.096683	0.934783	0	0
1518	0.093260	0.934783	0	0
1519	0.094477	0.934783	0	0
1520	0.111224	0.891304	0	0
1521	0.101375	0.913043	0	0
1522	0.102504	0.913043	0	0
1523	0.110675	0.913043	0	0
1524	0.117708	0.913043	0	0
1525	0.113551	0.913043	0	0
1526	0.100741	0.913043	0	0
1527	0.068070	0.956522	0	0
1528	0.070303	0.956522	0	0
1529	0.071820	0.956522	0	0
1530	0.068433	0.956522	0	0
1531	0.074158	0.956522	0	0
1532	0.077890	0.956522	0	0
1533	0.071235	0.956522	0	0
1534	0.065294	0.956522	0	0
1535	0.062414	0.956522	0	0
1536	-1.000000	0.978261	0	0
1537	-1.000000	0.978261	0	0
1538	-1.000000	0.978261	0	0
1539	-1.000000	0.978261	0	0
1540	-1.000000	0.978261	0	0
1541	-1.000000	0.978261	0	0
1542	-1.000000	0.978261	0	0
1543	-1.000000	0.978261	0	0
1544	-1.000000	0.978261	0	0
1545	-1.000000	0.978261	0	0
1546	-1.000000	0.978261	0	0
1547	-1.000000	0.978261	0	0
1548	-1.000000	0.978261	0	0
1549	-1.000000	0.978261	0	0
1550	-1.000000	0.978261	0	0
1551	-1.000000	0.978261	0	0
1552	0.061415	0.956522	0	0
1553	0.065253	0.956522	0	0
1554	0.067242	0.956522	0	0
1555	0.066817	0.956522	0	0
1556	0.071161	0.956522	0	0
1557	0.071838	0.956522	0	0
1558	0.073141	0.956522	0	0
1559	0.075436	0.956522	0	0
1560	0.073440	0.956522	0	0
1561	0.071873	0.956522	0	0
1562	0.074912	0.956522	0	0
1563	0.081905	0.934783	0	0
1564	0.084553	0.934783	0	0
1565	0.097401	0.913043	0	0
1566	0.098724	0.913043	0	0
1567	0.119802	0.891304	0	0
1568	0.125018	0.891304	0	0
1569	0.132787	0.891304	0	0
1570	0.147206	0.891304	0	0
1571	0.152522	0.891304	0	0
1572	0.153838	0.891304	0	0
1573	0.152626	0.891304	0	0
1574	0.143751	0.891304	0	0
1575	0.138151	0.891304	0	0
1576	0.142471	0.891304	0	0
1577	0.138777	0.891304	0	0
1578	0.136242	0.891304	0	0
1579	0.131801	0.891304	0	0
1580	0.132727	0.891304	0	0
1581	0.127245	0.891304	0	0
1582	0.075627	0.956522	0	0
1583	0.076662	0.956522	0	0
1584	0.073596	0.956522	0	0
1585	0.072926	0.956522	0	0
1586	0.074180	0.956522	0	0
1587	0.074179	0.956522	0	0
1588	0.071576	0.956522	0	0
1589	0.065973	0.956522	0	0
1590	0.061582	0.956522	0	0
1591	0.066928	0.956522	0	0
1592	0.070600	0.956522	0	0
1593	0.070447	0.956522	0	0
1594	0.105621	0.891304	0	0
1595	0.090913	0.934783	0	0
1596	0.083510	0.934783	0	0
1597	0.087922	0.934783	0	0
1598	0.063699	0.956522	0	0
1599	0.065181	0.956522	0	0
1600	0.122435	0.913043	0	0
1601	0.123027	0.913043	0	0
1602	0.122422	0.913043	0	0
1603	0.122503	0.913043	0	0
1604	0.125421	0.913043	0	0
1605	0.123686	0.913043	0	0
1606	0.122391	0.913043	0	0
1607	0.130103	0.913043	0	0
1608	0.127533	0.913043	0	0
1609	0.125299	0.913043	0	0
1610	0.122082	0.913043	0	0
1611	0.102211	0.934783	0	0
1612	0.101053	0.934783	0	0
1613	0.098072	0.934783	0	0
1614	0.101927	0.934783	0	0
1615	0.102473	0.934783	0	0
1616	0.094438	0.934783	0	0
1617	-1.000000	0.978261	0	0
1618	-1.000000	0.978261	0	0
1619	-1.000000	0.978261	0	0
1620	-1.000000	0.978261	0	0
1621	0.109985	0.913043	0	0
1622	0.118031	0.913043	0	0
1623	0.117261	0.913043	0	0
1624	0.135726	0.891304	0	0
1625	0.139997	0.891304	0	0
1626	0.140102	0.891304	0	0
1627	0.136692	0.891304	0	0
1628	0.148049	0.891304	0	0
1629	0.134419	0.891304	0	0
1630	0.127823	0.891304	0	0
1631	0.130057	0.891304	0	0
1632	0.137643	0.891304	0	0
1633	0.132701	0.891304	0	0
1634	0.120215	0.913043	0	0
1635	0.120242	0.913043	0	0
1636	0.123125	0.913043	0	0
1637	0.123908	0.913043	0	0
1638	0.120223	0.913043	0	0
1639	0.114077	0.913043	0	0
1640	0.112843	0.913043	0	0
1641	0.118393	0.913043	0	0
1642	0.118058	0.913043	0	0
1643	0.114005	0.913043	0	0
1644	0.113632	0.913043	0	0
1645	0.112243	0.913043	0	0
1646	0.112228	0.913043	0	0
1647	0.115604	0.913043	0	0
1648	0.123091	0.891304	0	0
1649	0.073384	0.956522	0	0
1650	0.070049	0.956522	0	0
1651	0.108482	0.891304	0	0
1652	0.116365	0.891304	0	0
1653	0.102748	0.934783	0	0
1654	0.098499	0.934783	0	0
1655	0.072495	0.956522	0	0
1656	0.074639	0.956522	0	0
1657	0.071317	0.956522	0	0
1658	0.053616	0.956522	0	0
1659	-1.000000	0.978261	0	0
1660	-1.000000	0.978261	0	0
1661	-1.000000	0.978261	0	0
1662	-1.000000	0.978261	0	0
1663	-1.000000	0.978261	0	0
1664	0.063055	0.956522	0	0
1665	0.096557	0.934783	0	0
1666	0.092716	0.934783	0	0
1667	0.099146	0.934783	0	0
1668	0.096612	0.934783	0	0
1669	0.097223	0.934783	0	0
1670	0.091105	0.934783	0	0
1671	0.091836	0.934783	0	0
1672	0.092733	0.934783	0	0
1673	0.087471	0.934783	0	0
1674	0.091895	0.934783	0	0
1675	0.072384	0.956522	0	0
1676	0.073113	0.956522	0	0
1677	0.073322	0.956522	0	0
1678	0.076611	0.956522	0	0
1679	0.076687	0.956522	0	0
1680	0.077420	0.956522	0	0
1681	0.078072	0.956522	0	0
1682	0.098031	0.934783	0	0
1683	0.103952	0.934783	0	0
1684	0.105579	0.934783	0	0
1685	0.100105	0.934783	0	0
1686	0.098135	0.934783	0	0
1687	0.076167	0.956522	0	0
1688	0.073162	0.956522	0	0
1689	0.076632	0.956522	0	0
1690	0.077252	0.956522	0	0
1691	0.077489	0.956522	0	0
1692	0.077322	0.956522	0	0
1693	0.076450	0.956522	0	0
1694	0.077340	0.956522	0	0
1695	0.075846	0.956522	0	0
1696	0.074252	0.956522	0	0
1697	0.071855	0.956522	0	0
1698	0.072948	0.956522	0	0
1699	0.069297	0.956522	0	0
1700	-1.000000	0.978261	0	0
1701	-1.000000	0.978261	0	0
1702	0.070710	0.956522	0	0
1703	0.073404	0.956522	0	0
1704	0.075932	0.956522	0	0
1705	0.077125	0.956522	0	0
1706	0.110982	0.913043	0	0
1707	0.115377	0.891304	0	0
1708	0.117481	0.891304	0	0
1709	0.117152	0.913043	0	0
1710	0.118234	0.913043	0	0
1711	0.110184	0.913043	0	0
1712	0.104645	0.913043	0	0
1713	0.103941	0.913043	0	0
1714	0.102845	0.913043	0	0
1715	0.103247	0.913043	0	0
1716	0.104603	0.913043	0	0
1717	0.105978	0.913043	0	0
1718	0.107216	0.913043	0	0
1719	0.107507	0.913043	0	0
1720	0.108163	0.913043	0	0
1721	0.109188	0.913043	0	0
1722	0.123971	0.891304	0	0
1723	0.122610	0.913043	0	0
1724	0.122242	0.913043	0	0
1725	0.122990	0.913043	0	0
1726	0.128637	0.913043	0	0
1727	0.125993	0.913043	0	0
1728	0.128504	0.913043	0	0
1729	0.124541	0.913043	0	0
1730	0.127970	0.913043	0	0
1731	0.125766	0.913043	0	0
1732	0.124719	0.891304	0	0
1733	0.128306	0.891304	0	0
1734	0.134214	0.891304	0	0
1735	0.137634	0.891304	0	0
1736	0.090595	0.934783	0	0
1737	0.096841	0.934783	0	0
1738	0.137998	0.891304	0	0
1739	0.137442	0.891304	0	0
1740	0.138765	0.891304	0	0
1741	0.139523	0.891304	0	0
1742	0.134622	0.891304	0	0
1743	0.145255	0.891304	0	0
1744	0.145969	0.891304	0	0
1745	0.147661	0.891304	0	0
1746	0.147421	0.891304	0	0
1747	0.152419	0.891304	0	0
1748	0.155207	0.891304	0	0
1749	0.152646	0.891304	0	0
1750	0.151067	0.891304	0	0
1751	0.141597	0.891304	0	0
1752	0.146051	0.891304	0	0
1753	0.140949	0.891304	0	0
1754	0.134129	0.891304	0	0
1755	0.071367	0.956522	0	0
1756	0.075586	0.956522	0	0
1757	0.067568	0.956522	0	0
1758	0.068670	0.956522	0	0
1759	0.072616	0.956522	0	0
1760	0.070218	0.956522	0	0
1761	0.068285	0.956522	0	0
1762	0.067146	0.956522	0	0
1763	0.067075	0.956522	0	0
1764	0.067104	0.956522	0	0
1765	0.066831	0.956522	0	0
1766	0.068008	0.956522	0	0
1767	0.067548	0.956522	0	0
1768	0.142321	0.891304	0	0
1769	0.149235	0.891304	0	0
1770	0.147040	0.891304	0	0
1771	0.143335	0.891304	0	0
1772	0.149930	0.891304	0	0
1773	0.153264	0.891304	0	0
1774	0.139657	0.891304	0	0
1775	0.139164	0.891304	0	0
1776	0.133838	0.913043	0	0
1777	0.134027	0.913043	0	0
1778	0.131226	0.913043	0	0
1779	0.132924	0.913043	0	0
1780	0.132741	0.913043	0	0
1781	0.134300	0.913043	0	0
1782	0.143197	0.891304	0	0
1783	0.143482	0.891304	0	0
1784	0.107774	0.934783	0	0
1785	0.104948	0.934783	0	0
1786	0.095422	0.934783	0	0
1787	0.100853	0.934783	0	0
1788	0.091956	0.934783	0	0
1789	0.063870	0.956522	0	0
1790	0.098817	0.913043	0	0
1791	0.109760	0.913043	0	0
1792	0.115226	0.913043	0	0
1793	0.116501	0.913043	0	0
1794	0.116621	0.913043	0	0
1795	0.118165	0.913043	0	0
1796	0.120350	0.913043	0	0
1797	0.127779	0.913043	0	0
1798	-1.000000	0.978261	0	0
1799	-1.000000	0.978261	0	0
1800	-1.000000	0.978261	0	0
1801	-1.000000	0.978261	0	0
1802	-1.000000	0.978261	0	0
1803	-1.000000	0.978261	0	0
1804	-1.000000	0.978261	0	0
1805	-1.000000	0.978261	0	0
1806	-1.000000	0.978261	0	0
1807	-1.000000	0.978261	0	0
1808	-1.000000	0.978261	0	0
1809	0.060776	0.956522	0	0
1810	0.064751	0.956522	0	0
1811	0.068356	0.956522	0	0
1812	0.062832	0.956522	0	0
1813	0.054181	0.956522	0	0
1814	0.060200	0.956522	0	0
1815	-1.000000	0.978261	0	0
1816	-1.000000	0.978261	0	0
1817	-1.000000	0.978261	0	0
1818	-1.000000	0.978261	0	0
1819	-1.000000	0.978261	0	0
1820	-1.000000	0.978261	0	0
1821	0.070443	0.956522	0	0
1822	0.071584	0.956522	0	0
1823	0.068814	0.956522	0	0
1824	0.065583	0.956522	0	0
1825	0.068806	0.956522	0	0
1826	0.070803	0.956522	0	0
1827	0.065189	0.956522	0	0
1828	0.060987	0.956522	0	0
1829	0.058586	0.956522	0	0
1830	-1.000000	0.978261	0	0
1831	-1.000000	0.978261	0	0
1832	-1.000000	0.978261	0	0
1833	-1.000000	0.978261	0	0
1834	0.151678	0.891304	0	0
1835	0.142039	0.891304	0	0
1836	0.142333	0.891304	0	0
1837	0.157363	0.891304	0	0
1838	0.147445	0.891304	0	0
1839	0.142423	0.891304	0	0
1840	0.147316	0.891304	0	0
1841	0.153184	0.891304	0	0
1842	0.143078	0.891304	0	0
1843	0.145868	0.891304	0	0
1844	0.144051	0.891304	0	0
1845	0.137200	0.891304	0	0
1846	0.115427	0.913043	0	0
1847	0.112941	0.913043	0	0
1848	0.097432	0.934783	0	0
1849	0.094066	0.934783	0	0
1850	0.096576	0.934783	0	0
1851	0.095100	0.934783	0	0
1852	0.114358	0.913043	0	0
1853	0.115045	0.913043	0	0
1854	0.118846	0.913043	0	0
1855	0.121502	0.913043	0	0
1856	0.122173	0.913043	0	0
1857	0.123768	0.913043	0	0
1858	0.127938	0.913043	0	0
1859	0.127446	0.913043	0	0
1860	0.126900	0.913043	0	0
1861	0.123999	0.913043	0	0
1862	-1.000000	0.978261	0	0
1863	-1.000000	0.978261	0	0
1864	-1.000000	0.978261	0	0
1865	-1.000000	0.978261	0	0
1866	-1.000000	0.978261	0	0
1867	-1.000000	0.978261	0	0
1868	-1.000000	0.978261	0	0
1869	-1.000000	0.978261	0	0
1870	-1.000000	0.978261	0	0
1871	-1.000000	0.978261	0	0
1872	0.123609	0.913043	0	0
1873	0.104898	0.934783	0	0
1874	0.102303	0.934783	0	0
1875	0.102218	0.934783	0	0
1876	0.121813	0.913043	0	0
1877	0.134160	0.913043	0	0
1878	0.131468	0.913043	0	0
1879	0.130035	0.913043	0	0
1880	0.130830	0.913043	0	0
1881	0.135094	0.913043	0	0
1882	0.110338	0.934783	0	0
1883	0.134820	0.913043	0	0
1884	0.130630	0.913043	0	0
1885	0.133508	0.913043	0	0
1886	0.137977	0.913043	0	0
1887	0.138154	0.913043	0	0
1888	0.131712	0.913043	0	0
1889	0.135272	0.913043	0	0
1890	0.140921	0.913043	0	0
1891	0.133867	0.913043	0	0
1892	0.131015	0.913043	0	0
1893	0.127921	0.913043	0	0
1894	0.105534	0.934783	0	0
1895	0.102157	0.934783	0	0
1896	0.096692	0.934783	0	0
1897	0.094252	0.934783	0	0
1898	0.101285	0.934783	0	0
1899	0.101851	0.934783	0	0
1900	0.098528	0.934783	0	0
1901	0.099827	0.934783	0	0
1902	0.097895	0.934783	0	0
1903	0.096083	0.934783	0	0
1904	0.064136	0.956522	0	0
1905	0.063650	0.956522	0	0
1906	-1.000000	0.978261	0	0
1907	-1.000000	0.978261	0	0
1908	-1.000000	0.978261	0	0
1909	-1.000000	0.978261	0	0
1910	-1.000000	0.978261	0	0
1911	0.063742	0.956522	0	0
1912	0.059248	0.956522	0	0
1913	0.055349	0.956522	0	0
1914	0.056100	0.956522	0	0
1915	0.057143	0.956522	0	0
1916	0.067821	0.956522	0	0
1917	0.066938	0.956522	0	0
1918	0.057381	0.956522	0	0
1919	0.066087	0.956522	0	0
1920	0.067897	0.956522	0	0
1921	0.068774	0.956522	0	0
1922	0.065513	0.956522	0	0
1923	0.067154	0.956522	0	0
1924	0.068860	0.956522	0	0
1925	0.069470	0.956522	0	0
1926	0.070985	0.956522	0	0
1927	-1.000000	0.978261	0	0
1928	-1.000000	0.978261	0	0
1929	-1.000000	0.978261	0	0
1930	-1.000000	0.978261	0	0
1931	0.065409	0.956522	0	0
1932	0.064051	0.956522	0	0
1933	0.073863	0.956522	0	0
1934	0.074245	0.956522	0	0
1935	0.074092	0.956522	0	0
1936	0.074823	0.956522	0	0
1937	0.074194	0.956522	0	0
1938	0.074103	0.956522	0	0
1939	0.074187	0.956522	0	0
1940	0.075762	0.956522	0	0
1941	0.074183	0.956522	0	0
1942	0.073882	0.956522	0	0
1943	0.075247	0.956522	0	0
1944	-1.000000	0.978261	0	0
1945	0.075690	0.956522	0	0
1946	0.101041	0.934783	0	0
1947	0.102438	0.934783	0	0
1948	0.107138	0.934783	0	0
1949	0.105439	0.934783	0	0
1950	0.107737	0.934783	0	0
1951	0.109761	0.934783	0	0
1952	0.109392	0.934783	0	0
1953	0.106310	0.934783	0	0
1954	0.106712	0.934783	0	0
1955	0.112236	0.934783	0	0
1956	0.110841	0.934783	0	0
1957	0.106585	0.934783	0	0
1958	0.110211	0.934783	0	0
1959	0.112719	0.934783	0	0
1960	0.110244	0.934783	0	0
1961	0.111225	0.934783	0	0
1962	0.109562	0.934783	0	0
1963	0.103342	0.934783	0	0
1964	0.103236	0.934783	0	0
1965	-1.000000	0.978261	0	0
1966	-1.000000	0.978261	0	0
